<window type="dialog" id="1101">
		<defaultcontrol always="true">9000</defaultcontrol>
		<animation effect="fade" time="200">WindowOpen</animation>
		<animation effect="fade" time="200">WindowClose</animation>
		<controls>
				<!-- fullscreen -->
				<control type="group">
						<control type="image">
								<description>Busy animation</description>
								<posx>0</posx>
								<posy>0</posy>
								<width>1280</width>
								<height>720</height>
								<texture>Special://xbmc/scripts/synopsis/resources/textures/settings/underlay.png</texture>
								<aspectratio>stretch</aspectratio>
								<colordiffuse>88000000</colordiffuse>
						</control>
						<control type="image">
								<description>Busy animation</description>
								<posx>555</posx>
								<posy>275</posy>
								<width>170</width>
								<height>170</height>
								<texture>Special://xbmc/scripts/synopsis/resources/textures/settings/busy.png</texture>
								<aspectratio>keep</aspectratio>
								<colordiffuse>AAFFFFFF</colordiffuse>
								<animation effect="rotate" start="0" end="360" center="auto" time="500" loop="true" condition="true">conditional</animation>
						</control>
				</control>
		</controls>
</window>