<window id="1117">
		<!-- Label Colours =  FF969696 -->
		<defaultcontrol always="true">9000</defaultcontrol>
		<coordinates>
				<system>1</system>
				<posx>0</posx>
				<posy>0</posy>
		</coordinates>
		<controls>
				<control type="button" id="9000">
						<posx>-500</posx>
						<onfocus>SetFocus(1)</onfocus>
				</control>
				<include>CommonBackground</include>
				<!--                   -->
				<!-- New Synopsis view -->
				<!--                   -->
				<control type="group">
						<visible>Skin.HasSetting(SynopsisMode) + Skin.HasSetting(Synopsis)</visible>
						<control type="image">
								<description>background image</description>
								<posx>0</posx>
								<posy>0</posy>
								<width>1280</width>
								<height>720</height>
								<texture>synopsis\synopsis_black-back.png</texture>
								<animation effect="fade" reversible="true" start="0" end="70" delay="0" time="500">WindowOpen</animation>
								<animation effect="fade" reversible="true" start="70" end="0" delay="100" time="100">WindowClose</animation>
						</control>
						<!-- background + fanart -->
						<control type="image">
								<posx>520</posx>
								<posy>70</posy>
								<width>720</width>
								<height>570</height>
								<aspectratio>scale</aspectratio>
								<texture>$INFO[Window(MyPrograms).Property(Synopsis_fanart)]</texture>
								<animation effect="fade" reversible="true" start="0" end="100" delay="700" time="500">WindowOpen</animation>
								<animation effect="fade" reversible="true" start="100" end="0" delay="0" time="50">WindowClose</animation>
						</control>
						<control type="image">
								<description>background image</description>
								<posx>440</posx>
								<posy>70</posy>
								<width>800</width>
								<height>570</height>
								<texture>synopsis\synopsis_overlay.png</texture>
								<aspectratio>stretch</aspectratio>
								<animation type="WindowOpen" reversible="false">
										<effect type="zoom" start="80" end="100" center="640,360" easing="out" tween="back" time="300" delay="200" />
										<effect type="fade" start="0" end="100" time="300" delay="200" />
								</animation>
								<animation type="WindowClose" reversible="false">
										<effect type="zoom" start="100" end="80" center="640,360" easing="in" tween="back" time="300" />
										<effect type="fade" start="100" end="0" time="300" />
								</animation>
						</control>
						<control type="image">
								<description>background overlay</description>
								<posx>440</posx>
								<posy>70</posy>
								<width>80</width>
								<height>570</height>
								<texture>synopsis\synopsis_black-back.png</texture>
								<aspectratio>stretch</aspectratio>
								<animation type="WindowOpen" reversible="false">
										<effect type="zoom" start="80" end="100" center="640,360" easing="out" tween="back" time="300" delay="200" />
										<effect type="fade" start="0" end="100" time="300" delay="200" />
								</animation>
								<animation type="WindowClose" reversible="false">
										<effect type="zoom" start="100" end="80" center="640,360" easing="in" tween="back" time="300" />
										<effect type="fade" start="100" end="0" time="300" />
								</animation>
						</control>
						<!-- Poster image -->
						<control type="image">
								<description>No poster image</description>
								<posx>40</posx>
								<posy>70</posy>
								<width>390</width>
								<height>570</height>
								<texture>synopsis\synopsis_overlay.png</texture>
								<aspectratio>stretch</aspectratio>
								<animation type="WindowOpen" reversible="false">
										<effect type="zoom" start="80" end="100" center="640,360" easing="out" tween="back" time="300" delay="200" />
										<effect type="fade" start="0" end="100" time="300" delay="200" />
								</animation>
								<animation type="WindowClose" reversible="false">
										<effect type="zoom" start="100" end="80" center="640,360" easing="in" tween="back" time="300" />
										<effect type="fade" start="100" end="0" time="300" />
								</animation>
						</control>
						<control type="image">
								<description>Poster image</description>
								<posx>40</posx>
								<posy>70</posy>
								<width>390</width>
								<height>570</height>
								<texture fallback="synopsis\synopsis_no_poster.png">$INFO[Window(MyPrograms).Property(Synopsis_poster)]</texture>
								<bordersize>10</bordersize>
								<aspectratio>stretch</aspectratio>
								<animation effect="fade" reversible="true" start="0" end="100" delay="500" time="750">WindowOpen</animation>
								<animation effect="fade" reversible="true" start="100" end="0" delay="0" time="100">WindowClose</animation>
						</control>
						<!-- Synopsis overview section -->
						<control type="group">
								<visible>ControlGroup(9001).HasFocus(1)</visible>
								<animation effect="fade" reversible="true" start="0" end="100" delay="500" time="1000">WindowOpen</animation>
								<animation effect="fade" reversible="true" start="100" end="0" delay="0" time="100">WindowClose</animation>
								<control type="label">
										<description>Synopsis Title alt</description>
										<posx>552</posx>
										<posy>95</posy>
										<width>650</width>
										<height>0</height>
										<font>font25</font>
										<textcolor>FF969696</textcolor>
										<align>left</align>
										<label>[B]$INFO[Window(MyPrograms).Property(Synopsis_title_alt)][/B]</label>
								</control>
								<control type="label">
										<description>Synopsis Title ID alt</description>
										<posx>552</posx>
										<posy>155</posy>
										<width>650</width>
										<height>0</height>
										<font>font12a</font>
										<textcolor>FF969696</textcolor>
										<align>left</align>
										<label>Title ID: $INFO[Window(MyPrograms).Property(Synopsis_titleid_alt)]</label>
								</control>
								<control type="label">
										<description>Synopsis Label</description>
										<posx>552</posx>
										<posy>210</posy>
										<width>650</width>
										<height>0</height>
										<font>font22</font>
										<textcolor>FF969696</textcolor>
										<align>left</align>
										<label>Synopsis</label>
								</control>
								<control type="textbox">
										<description>Synopsis Description alt</description>
										<posx>552</posx>
										<posy>255</posy>
										<width>650</width>
										<height>215</height>
										<font>font12a</font>
										<textcolor>FF969696</textcolor>
										<align>left</align>
										<scrolltime>200</scrolltime>
										<autoscroll delay="10000" time="1000" repeat="10000" condition="ControlGroup(9001).HasFocus(1)">Conditional</autoscroll>
										<label>$INFO[Window(MyPrograms).Property(Synopsis_overview_alt)]</label>
								</control>
								<control type="label">
										<description>Rating label</description>
										<posx>552</posx>
										<posy>488</posy>
										<width>325</width>
										<height>0</height>
										<font>font22</font>
										<textcolor>FF969696</textcolor>
										<align>left</align>
										<label>Game Rating</label>
								</control>
								<control type="image">
										<description>Rating star 0</description>
										<posx>545</posx>
										<posy>532</posy>
										<width>185</width>
										<height>33</height>
										<texture>synopsis\star_rating\rating$INFO[Window(MyPrograms).Property(Synopsis_rating_alt)].png</texture>
										<aspectratio>stretch</aspectratio>
								</control>
								<control type="label">
										<description>Rating star label</description>
										<posx>730</posx>
										<posy>539</posy>
										<width>50</width>
										<height>0</height>
										<font>font18</font>
										<textcolor>FF969696</textcolor>
										<align>left</align>
										<label>/ 5</label>
								</control>
								<control type="image">
										<description>Banner image</description>
										<posx>855</posx>
										<posy>488</posy>
										<width>355</width>
										<height>80</height>
										<texture fallback="synopsis\synopsis_no_banner.png">$INFO[Window(MyPrograms).Property(Synopsis_banner)]</texture>
										<aspectratio>stretch</aspectratio>
								</control>
						</control>
						<!-- Full Synopsis -->
						<control type="grouplist">
								<visible>ControlGroup(9001).HasFocus(2)</visible>
								<posx>552</posx>
								<posy>95</posy>
								<width>670</width>
								<height>500</height>
								<itemgap>23</itemgap>
								<animation effect="fade" reversible="true" start="0" end="100" delay="500" time="1000">WindowOpen</animation>
								<animation effect="fade" reversible="true" start="100" end="0" delay="0" time="100">WindowClose</animation>
								<control type="label">
										<description>Synopsis Title</description>
										<posx>0</posx>
										<posy>0</posy>
										<width>670</width>
										<height>0</height>
										<font>font12a</font>
										<textcolor>FF969696</textcolor>
										<align>left</align>
										<aligny>left</aligny>
										<label>$INFO[Window(MyPrograms).Property(Synopsis_title)]</label>
								</control>
								<control type="label">
										<description>Synopsis Developer</description>
										<posx>0</posx>
										<posy>0</posy>
										<width>670</width>
										<height>0</height>
										<font>font12a</font>
										<textcolor>FF969696</textcolor>
										<align>left</align>
										<aligny>left</aligny>
										<label>$INFO[Window(MyPrograms).Property(Synopsis_developer)]</label>
								</control>
								<control type="label">
										<description>Synopsis Publisher</description>
										<posx>0</posx>
										<posy>0</posy>
										<width>670</width>
										<height>0</height>
										<font>font12a</font>
										<textcolor>FF969696</textcolor>
										<align>left</align>
										<aligny>left</aligny>
										<label>$INFO[Window(MyPrograms).Property(Synopsis_publisher)]</label>
								</control>
								<control type="label">
										<description>Synopsis ESRBb</description>
										<posx>0</posx>
										<posy>0</posy>
										<width>670</width>
										<height>0</height>
										<font>font12a</font>
										<textcolor>FF969696</textcolor>
										<align>left</align>
										<aligny>left</aligny>
										<label>$INFO[Window(MyPrograms).Property(Synopsis_esrb)]</label>
								</control>
								<control type="label">
										<description>Synopsis ESRB Descriptors</description>
										<posx>0</posx>
										<posy>0</posy>
										<width>670</width>
										<height>0</height>
										<font>font12a</font>
										<textcolor>FF969696</textcolor>
										<align>left</align>
										<aligny>left</aligny>
										<label>$INFO[Window(MyPrograms).Property(Synopsis_esrb_descriptors)]</label>
								</control>
								<control type="label">
										<description>Synopsis Offline</description>
										<posx>0</posx>
										<posy>0</posy>
										<width>670</width>
										<height>0</height>
										<font>font12a</font>
										<textcolor>FF969696</textcolor>
										<align>left</align>
										<aligny>left</aligny>
										<label>$INFO[Window(MyPrograms).Property(Synopsis_features_general)]</label>
								</control>
								<control type="label">
										<description>Synopsis Online</description>
										<posx>0</posx>
										<posy>0</posy>
										<width>670</width>
										<height>0</height>
										<font>font12a</font>
										<textcolor>FF969696</textcolor>
										<align>left</align>
										<aligny>left</aligny>
										<label>$INFO[Window(MyPrograms).Property(Synopsis_features_online)]</label>
								</control>
								<control type="label">
										<description>Synopsis Genre</description>
										<posx>0</posx>
										<posy>0</posy>
										<width>670</width>
										<height>0</height>
										<font>font12a</font>
										<textcolor>FF969696</textcolor>
										<align>left</align>
										<aligny>left</aligny>
										<label>$INFO[Window(MyPrograms).Property(Synopsis_genre)]</label>
								</control>
								<control type="label">
										<description>Synopsis Release Date</description>
										<posx>0</posx>
										<posy>0</posy>
										<width>670</width>
										<height>0</height>
										<font>font12a</font>
										<textcolor>FF969696</textcolor>
										<align>left</align>
										<aligny>left</aligny>
										<label>$INFO[Window(MyPrograms).Property(Synopsis_release_date)]</label>
								</control>
								<control type="label">
										<description>Synopsis Rating</description>
										<posx>0</posx>
										<posy>0</posy>
										<width>670</width>
										<height>0</height>
										<font>font12a</font>
										<textcolor>FF969696</textcolor>
										<align>left</align>
										<aligny>left</aligny>
										<label>$INFO[Window(MyPrograms).Property(Synopsis_rating)]</label>
								</control>
								<control type="label">
										<description>Synopsis Platform</description>
										<posx>0</posx>
										<posy>0</posy>
										<width>670</width>
										<height>0</height>
										<font>font12a</font>
										<textcolor>FF969696</textcolor>
										<align>left</align>
										<aligny>left</aligny>
										<label>$INFO[Window(MyPrograms).Property(Synopsis_platform)]</label>
								</control>
								<control type="label">
										<description>Synopsis Exclusive</description>
										<posx>0</posx>
										<posy>0</posy>
										<width>670</width>
										<height>0</height>
										<font>font12a</font>
										<textcolor>FF969696</textcolor>
										<align>left</align>
										<aligny>left</aligny>
										<label>$INFO[Window(MyPrograms).Property(Synopsis_exclusive)]</label>
								</control>
								<control type="label">
										<description>Synopsis TitleId</description>
										<posx>0</posx>
										<posy>0</posy>
										<width>670</width>
										<height>0</height>
										<font>font12a</font>
										<textcolor>FF969696</textcolor>
										<align>left</align>
										<aligny>left</aligny>
										<label>$INFO[Window(MyPrograms).Property(Synopsis_titleid)]</label>
								</control>
						</control>
						<control type="textbox">
								<description>Synopsis Description</description>
								<posx>552</posx>
								<posy>400</posy>
								<width>670</width>
								<height>215</height>
								<font>font12a</font>
								<textcolor>FF969696</textcolor>
								<align>left</align>
								<scrolltime>200</scrolltime>
								<autoscroll delay="10000" time="1000" repeat="10000" condition="ControlGroup(9001).HasFocus(2)">Conditional</autoscroll>
								<label>$INFO[Window(MyPrograms).Property(Synopsis_overview)]</label>
								<visible>ControlGroup(9001).HasFocus(2)</visible>
								<animation effect="fade" reversible="true" start="0" end="100" delay="500" time="1000">WindowOpen</animation>
								<animation effect="fade" reversible="true" start="100" end="0" delay="0" time="100">WindowClose</animation>
						</control>
						<!-- Screenshots and video preview -->
						<control type="multiimage">
								<description>Screenshots window</description>
								<posx>530</posx>
								<posy>80</posy>
								<width>700</width>
								<height>550</height>
								<imagepath background="true">$INFO[Window(MyPrograms).Property(Synopsis_screenshots)]</imagepath>
								<timeperimage>5000</timeperimage>
								<fadetime>1000</fadetime>
								<pauseatend>0</pauseatend>
								<randomize>true</randomize>
								<loop>yes</loop>
								<aspectratio>keep</aspectratio>
								<visible>ControlGroup(9001).HasFocus(3)</visible>
								<animation effect="fade" reversible="true" start="0" end="100" delay="500" time="750">WindowOpen</animation>
								<animation effect="fade" reversible="true" start="100" end="0" delay="0" time="100">WindowClose</animation>
						</control>
						<control type="videowindow">
								<description>video preview window</description>
								<posx>530</posx>
								<posy>80</posy>
								<width>700</width>
								<height>550</height>
								<visible>ControlGroup(9001).HasFocus(4)</visible>
								<animation effect="fade" reversible="true" start="0" end="100" delay="0" time="750">WindowOpen</animation>
								<animation effect="fade" reversible="true" start="100" end="0" delay="0" time="100">WindowClose</animation>
						</control>
						<!--  Side buttons -->
						<control type="grouplist" id="9001">
								<posx>440</posx>
								<posy>195</posy>
								<width>80</width>
								<height>400</height>
								<itemgap>0</itemgap>
								<pagecontrol>-</pagecontrol>
								<onleft>-</onleft>
								<onright>-</onright>
								<onup>9001</onup>
								<ondown>9001</ondown>
								<animation effect="fade" reversible="true" start="0" end="100" delay="500" time="750">WindowOpen</animation>
								<animation effect="fade" reversible="true" start="100" end="0" delay="0" time="100">WindowClose</animation>
								<control type="button" id="1">
										<description>Synopsis overview</description>
										<width>80</width>
										<height>80</height>
										<onfocus>stop</onfocus>
										<onclick>RunXBE($INFO[Window(MyPrograms).Property(Synopsis_xbe)])</onclick>
										<texturenofocus>-</texturenofocus>
										<texturefocus>synopsis\synopsis_button-focus.png</texturefocus>
								</control>
								<control type="button" id="2">
										<description>Synopsis Full</description>
										<width>80</width>
										<height>80</height>
										<onfocus>stop</onfocus>
										<texturenofocus>-</texturenofocus>
										<texturefocus>synopsis\synopsis_button-focus.png</texturefocus>
								</control>
								<control type="button" id="3">
										<description>Synopsis Screenshots</description>
										<width>80</width>
										<height>80</height>
										<onfocus>stop</onfocus>
										<texturenofocus>-</texturenofocus>
										<texturefocus>synopsis\synopsis_button-focus.png</texturefocus>
								</control>
								<control type="button" id="4">
										<description>Synopsis Video</description>
										<width>80</width>
										<height>80</height>
										<onclick>PlayWith($INFO[Skin.String(Player_Type)])</onclick>
										<onclick>playmedia($INFO[Skin.String(Synopsis_Video_Preview_Path)],1,noresume)</onclick>
										<onfocus>PlayWith($INFO[Skin.String(Player_Type)])</onfocus>
										<onfocus>playmedia($INFO[Skin.String(Synopsis_Video_Preview_Path)],1,noresume)</onfocus>
										<texturenofocus>-</texturenofocus>
										<texturefocus>synopsis\synopsis_button-focus.png</texturefocus>
								</control>
						</control>
						<!-- Icons -->
						<control type="image">
								<description>Synopsis overview icon</description>
								<posx>440</posx>
								<posy>195</posy>
								<width>80</width>
								<height>80</height>
								<texture>synopsis\synopsis_controller.png</texture>
								<aspectratio>keep</aspectratio>
								<animation effect="fade" reversible="true" start="0" end="100" delay="500" time="750">WindowOpen</animation>
								<animation effect="fade" reversible="true" start="100" end="0" delay="0" time="100">WindowClose</animation>
						</control>
						<control type="image">
								<description>Full synopsis Info</description>
								<posx>440</posx>
								<posy>275</posy>
								<width>80</width>
								<height>80</height>
								<texture>synopsis\synopsis_full.png</texture>
								<aspectratio>stretch</aspectratio>
								<animation effect="fade" reversible="true" start="0" end="100" delay="500" time="750">WindowOpen</animation>
								<animation effect="fade" reversible="true" start="100" end="0" delay="0" time="100">WindowClose</animation>
						</control>
						<control type="image">
								<description>Screenshot</description>
								<posx>440</posx>
								<posy>355</posy>
								<width>80</width>
								<height>80</height>
								<texture>synopsis\synopsis_screenshots.png</texture>
								<aspectratio>stretch</aspectratio>
								<animation effect="fade" reversible="true" start="0" end="100" delay="500" time="750">WindowOpen</animation>
								<animation effect="fade" reversible="true" start="100" end="0" delay="0" time="100">WindowClose</animation>
						</control>
						<control type="image">
								<description>Play Video</description>
								<posx>440</posx>
								<posy>435</posy>
								<width>80</width>
								<height>80</height>
								<texture>synopsis\synopsis_video.png</texture>
								<aspectratio>stretch</aspectratio>
								<animation effect="fade" reversible="true" start="0" end="100" delay="500" time="750">WindowOpen</animation>
								<animation effect="fade" reversible="true" start="100" end="0" delay="0" time="100">WindowClose</animation>
						</control>
						<!-- context buttons -->
						<control type="grouplist">
								<description>Control Info</description>
								<posx>10</posx>
								<posy>32r</posy>
								<width>1280</width>
								<height>80</height>
								<itemgap>5</itemgap>
								<orientation>Horizontal</orientation>
								<!-- A button -->
								<control type="image">
										<posx>0</posx>
										<posy>0</posy>
										<width>25</width>
										<height>25</height>
										<texture>synopsis\pad_buttons\a_button.png</texture>
										<aspectratio>keep</aspectratio>
										<visible>ControlGroup(9001).HasFocus(1) | ControlGroup(9001).HasFocus(4)</visible>
								</control>
								<control type="label">
										<posx>0</posx>
										<posy>0</posy>
										<width min="40" max="250">auto</width>
										<height>20</height>
										<font>font10</font>
										<textcolor>FFFFFFFF </textcolor>
										<label>Launch Game</label>
										<animation effect="slide" start="0,0" end="0,3" time="0" condition="true">conditional</animation>
										<visible>ControlGroup(9001).HasFocus(1)</visible>
								</control>
								<control type="label">
										<posx>0</posx>
										<posy>0</posy>
										<width min="40" max="250">auto</width>
										<height>20</height>
										<font>font10</font>
										<textcolor>FFFFFFFF </textcolor>
										<label>Restart Preview</label>
										<animation effect="slide" start="0,0" end="0,3" time="0" condition="true">conditional</animation>
										<visible>ControlGroup(9001).HasFocus(4)</visible>
								</control>
								<!-- B button -->
								<control type="image">
										<posx>0</posx>
										<posy>0</posy>
										<width>25</width>
										<height>25</height>
										<texture>synopsis\pad_buttons\b_button.png</texture>
										<aspectratio>keep</aspectratio>
								</control>
								<control type="label">
										<posx>0</posx>
										<posy>0</posy>
										<width min="40" max="250">auto</width>
										<height>20</height>
										<font>font10</font>
										<textcolor>FFFFFFFF </textcolor>
										<label>Back</label>
										<animation effect="slide" start="0,0" end="0,3" time="0" condition="true">conditional</animation>
								</control>
								<!-- Y Button -->
								<control type="image">
										<posx>0</posx>
										<posy>0</posy>
										<width>25</width>
										<height>25</height>
										<texture>synopsis\pad_buttons\y_button.png</texture>
										<aspectratio>keep</aspectratio>
										<visible>Skin.HasSetting(editmode)</visible>
								</control>
								<control type="label">
										<posx>0</posx>
										<posy>0</posy>
										<width min="40" max="250">auto</width>
										<height>20</height>
										<font>font10</font>
										<textcolor>FFFFFFFF </textcolor>
										<label>Screenshot</label>
										<animation effect="slide" start="0,0" end="0,3" time="0" condition="true">conditional</animation>
										<visible>Skin.HasSetting(editmode)</visible>
								</control>
								<!-- R Stick Button -->
								<control type="image">
										<posx>0</posx>
										<posy>0</posy>
										<width>25</width>
										<height>25</height>
										<texture>synopsis\pad_buttons\r_stick_button.png</texture>
										<aspectratio>keep</aspectratio>
										<visible>[System.HasLoginScreen + System.Loggedon]</visible>
								</control>
								<control type="label">
										<posx>0</posx>
										<posy>0</posy>
										<width min="40" max="250">auto</width>
										<height>20</height>
										<font>font10</font>
										<textcolor>FFFFFFFF </textcolor>
										<label>Log Out</label>
										<animation effect="slide" start="0,0" end="0,3" time="0" condition="true">conditional</animation>
										<visible>[System.HasLoginScreen + System.Loggedon]</visible>
								</control>
								<!-- L Stick Button -->
								<control type="image">
										<posx>0</posx>
										<posy>0</posy>
										<width>25</width>
										<height>25</height>
										<texture>synopsis\pad_buttons\l_stick_button.png</texture>
										<aspectratio>keep</aspectratio>
										<visible>Skin.HasSetting(editmode)</visible>
								</control>
								<control type="label">
										<posx>0</posx>
										<posy>0</posy>
										<width min="40" max="250">auto</width>
										<height>20</height>
										<font>font10</font>
										<textcolor>FFFFFFFF </textcolor>
										<label>Reload Skin</label>
										<animation effect="slide" start="0,0" end="0,3" time="0" condition="true">conditional</animation>
										<visible>Skin.HasSetting(editmode)</visible>
								</control>
						</control>
				</control>
				<!--                   -->
				<!-- Old Synopsis view -->
				<!--                   -->
				<control type="group">
						<visible>Skin.HasSetting(SynopsisMode) + Skin.HasSetting(Synopsis_alt_view)</visible>
						<control type="group">
								<control type="image">
										<description>background image</description>
										<posx>0</posx>
										<posy>0</posy>
										<width>1280</width>
										<height>720</height>
										<texture>synopsis\synopsis_black-back.png</texture>
										<animation effect="fade" reversible="true" start="0" end="70" delay="0" time="500">WindowOpen</animation>
										<animation effect="fade" reversible="true" start="70" end="0" delay="200" time="100">WindowClose</animation>
								</control>
								<control type="image">
										<posx>39</posx>
										<posy>59</posy>
										<width>1202</width>
										<height>614</height>
										<aspectratio>stretch</aspectratio>
										<texture diffuse="synopsis\synopsis_diffuse.png">$INFO[Window(MyPrograms).Property(Synopsis_fanart)]</texture>
										<animation effect="fade" reversible="true" start="0" end="100" delay="700" time="500">WindowOpen</animation>
										<animation effect="fade" reversible="true" start="100" end="0" delay="0" time="100">WindowClose</animation>
								</control>
								<control type="image">
										<description>background image</description>
										<posx>39</posx>
										<posy>59</posy>
										<width>1202</width>
										<height>614</height>
										<texture>synopsis\synopsis_background.png</texture>
										<aspectratio>stretch</aspectratio>
										<animation effect="fade" reversible="true" start="0" end="98" delay="0" time="100">WindowOpen</animation>
										<animation effect="fade" reversible="true" start="98" end="0" delay="150" time="100">WindowClose</animation>
								</control>
								<control type="label">
										<posx>74</posx>
										<posy>94</posy>
										<width>173</width>
										<height>252</height>
										<font>font11</font>
										<align>center</align>
										<aligny>center</aligny>
										<label>[B]No Poster Found[/B]</label>
										<animation effect="fade" reversible="true" start="0" end="20" delay="500" time="1000">WindowOpen</animation>
										<animation effect="fade" reversible="true" start="20" end="0" delay="0" time="100">WindowClose</animation>
								</control>
								<control type="image">
										<description>Poster image</description>
										<posx>74</posx>
										<posy>94</posy>
										<width>173</width>
										<height>252</height>
										<texture>$INFO[Window(MyPrograms).Property(Synopsis_poster)]</texture>
										<aspectratio>stretch</aspectratio>
										<animation effect="fade" reversible="true" start="0" end="100" delay="500" time="750">WindowOpen</animation>
										<animation effect="fade" reversible="true" start="100" end="0" delay="0" time="100">WindowClose</animation>
								</control>
								<control type="label">
										<posx>270</posx>
										<posy>94</posy>
										<width>457</width>
										<height>252</height>
										<font>font25</font>
										<align>center</align>
										<aligny>center</aligny>
										<label>[B]No Screenshots Found[/B]</label>
										<animation effect="fade" reversible="true" start="0" end="20" delay="500" time="1000">WindowOpen</animation>
										<animation effect="fade" reversible="true" start="20" end="0" delay="0" time="100">WindowClose</animation>
								</control>
								<control type="multiimage">
										<description>Screenshots window</description>
										<posx>270</posx>
										<posy>94</posy>
										<width>457</width>
										<height>252</height>
										<imagepath>$INFO[Window(MyPrograms).Property(Synopsis_screenshots)]</imagepath>
										<timeperimage>5000</timeperimage>
										<fadetime>1000</fadetime>
										<pauseatend>0</pauseatend>
										<randomize>true</randomize>
										<loop>yes</loop>
										<aspectratio>stretch</aspectratio>
										<animation effect="fade" reversible="true" start="0" end="100" delay="500" time="750">WindowOpen</animation>
										<animation effect="fade" reversible="true" start="100" end="0" delay="0" time="100">WindowClose</animation>
								</control>
								<control type="label">
										<posx>749</posx>
										<posy>94</posy>
										<width>457</width>
										<height>252</height>
										<font>font25</font>
										<align>center</align>
										<aligny>center</aligny>
										<label>[B]$INFO[Skin.String(Synopsis_Video_Preview_Name)][/B]</label>
										<animation effect="fade" reversible="true" start="0" end="20" delay="500" time="1000">WindowOpen</animation>
										<animation effect="fade" reversible="true" start="20" end="0" delay="0" time="100">WindowClose</animation>
								</control>
								<control type="videowindow">
										<description>video preview window</description>
										<posx>749</posx>
										<posy>94</posy>
										<width>457</width>
										<height>252</height>
										<animation effect="fade" reversible="true" start="0" end="100" delay="500" time="750">WindowOpen</animation>
										<animation effect="fade" reversible="true" start="100" end="0" delay="0" time="100">WindowClose</animation>
								</control>
								<control type="grouplist">
										<posx>69</posx>
										<posy>355</posy>
										<width>1202</width>
										<height>300</height>
										<itemgap>23</itemgap>
										<animation effect="fade" reversible="true" start="0" end="100" delay="500" time="1000">WindowOpen</animation>
										<animation effect="fade" reversible="true" start="100" end="0" delay="0" time="100">WindowClose</animation>
										<control type="label">
												<description>Synopsis Title</description>
												<posx>0</posx>
												<posy>0</posy>
												<width>567</width>
												<height>0</height>
												<font>font12a</font>
												<textcolor>FF969696</textcolor>
												<align>left</align>
												<aligny>left</aligny>
												<label>$INFO[Window(MyPrograms).Property(Synopsis_title)]</label>
										</control>
										<control type="label">
												<description>Synopsis Developer</description>
												<posx>0</posx>
												<posy>0</posy>
												<width>567</width>
												<height>0</height>
												<font>font12a</font>
												<textcolor>FF969696</textcolor>
												<align>left</align>
												<aligny>left</aligny>
												<label>$INFO[Window(MyPrograms).Property(Synopsis_developer)]</label>
										</control>
										<control type="label">
												<description>Synopsis Publisher</description>
												<posx>0</posx>
												<posy>0</posy>
												<width>567</width>
												<height>0</height>
												<font>font12a</font>
												<textcolor>FF969696</textcolor>
												<align>left</align>
												<aligny>left</aligny>
												<label>$INFO[Window(MyPrograms).Property(Synopsis_publisher)]</label>
										</control>
										<control type="label">
												<description>Synopsis ESRBb</description>
												<posx>0</posx>
												<posy>0</posy>
												<width>567</width>
												<height>0</height>
												<font>font12a</font>
												<textcolor>FF969696</textcolor>
												<align>left</align>
												<aligny>left</aligny>
												<label>$INFO[Window(MyPrograms).Property(Synopsis_esrb)]</label>
										</control>
										<control type="label">
												<description>Synopsis ESRB Descriptors</description>
												<posx>0</posx>
												<posy>0</posy>
												<width>567</width>
												<height>0</height>
												<font>font12a</font>
												<textcolor>FF969696</textcolor>
												<align>left</align>
												<aligny>left</aligny>
												<label>$INFO[Window(MyPrograms).Property(Synopsis_esrb_descriptors)]</label>
										</control>
										<control type="label">
												<description>Synopsis Offline</description>
												<posx>0</posx>
												<posy>0</posy>
												<width>567</width>
												<height>0</height>
												<font>font12a</font>
												<textcolor>FF969696</textcolor>
												<align>left</align>
												<aligny>left</aligny>
												<label>$INFO[Window(MyPrograms).Property(Synopsis_features_general)]</label>
										</control>
										<control type="label">
												<description>Synopsis Online</description>
												<posx>0</posx>
												<posy>0</posy>
												<width>567</width>
												<height>0</height>
												<font>font12a</font>
												<textcolor>FF969696</textcolor>
												<align>left</align>
												<aligny>left</aligny>
												<label>$INFO[Window(MyPrograms).Property(Synopsis_features_online)]</label>
										</control>
										<control type="label">
												<description>Synopsis Genre</description>
												<posx>0</posx>
												<posy>0</posy>
												<width>567</width>
												<height>0</height>
												<font>font12a</font>
												<textcolor>FF969696</textcolor>
												<align>left</align>
												<aligny>left</aligny>
												<label>$INFO[Window(MyPrograms).Property(Synopsis_genre)]</label>
										</control>
										<control type="label">
												<description>Synopsis Release Date</description>
												<posx>0</posx>
												<posy>0</posy>
												<width>567</width>
												<height>0</height>
												<font>font12a</font>
												<textcolor>FF969696</textcolor>
												<align>left</align>
												<aligny>left</aligny>
												<label>$INFO[Window(MyPrograms).Property(Synopsis_release_date)]</label>
										</control>
										<control type="label">
												<description>Synopsis Rating</description>
												<posx>0</posx>
												<posy>0</posy>
												<width>670</width>
												<height>0</height>
												<font>font12a</font>
												<textcolor>FF969696</textcolor>
												<align>left</align>
												<aligny>left</aligny>
												<label>$INFO[Window(MyPrograms).Property(Synopsis_rating)]</label>
										</control>
										<control type="label">
												<description>Synopsis Platform</description>
												<posx>0</posx>
												<posy>0</posy>
												<width>567</width>
												<height>0</height>
												<font>font12a</font>
												<textcolor>FF969696</textcolor>
												<align>left</align>
												<aligny>left</aligny>
												<label>$INFO[Window(MyPrograms).Property(Synopsis_platform)]</label>
										</control>
										<control type="label">
												<description>Synopsis Exclusive</description>
												<posx>0</posx>
												<posy>0</posy>
												<width>567</width>
												<height>0</height>
												<font>font12a</font>
												<textcolor>FF969696</textcolor>
												<align>left</align>
												<aligny>left</aligny>
												<label>$INFO[Window(MyPrograms).Property(Synopsis_exclusive)]</label>
										</control>
										<control type="label">
												<description>Synopsis TitleId</description>
												<posx>0</posx>
												<posy>0</posy>
												<width>567</width>
												<height>0</height>
												<font>font12a</font>
												<textcolor>FF969696</textcolor>
												<align>left</align>
												<aligny>left</aligny>
												<label>$INFO[Window(MyPrograms).Property(Synopsis_titleid)]</label>
										</control>
								</control>
								<control type="textbox">
										<description>Synopsis Description</description>
										<posx>639</posx>
										<posy>355</posy>
										<width>567</width>
										<height>298</height>
										<font>font12a</font>
										<textcolor>FF969696</textcolor>
										<align>left</align>
										<scrolltime>200</scrolltime>
										<autoscroll delay="10000" time="1000" repeat="10000" condition="true">Conditional</autoscroll>
										<label>$INFO[Window(MyPrograms).Property(Synopsis_overview)]</label>
										<animation effect="fade" reversible="true" start="0" end="100" delay="500" time="1000">WindowOpen</animation>
										<animation effect="fade" reversible="true" start="100" end="0" delay="0" time="100">WindowClose</animation>
								</control>
						</control>
						<control type="grouplist" id="9001">
								<posx>-500</posx>
								<posy>195</posy>
								<width>80</width>
								<height>400</height>
								<itemgap>0</itemgap>
								<pagecontrol>-</pagecontrol>
								<onleft>-</onleft>
								<onright>-</onright>
								<onup>-</onup>
								<ondown>-</ondown>
								<control type="button" id="1">
										<width>80</width>
										<height>80</height>
										<onclick>PlayWith($INFO[Skin.String(Player_Type)])</onclick>
										<onclick>Playmedia($INFO[Skin.String(Synopsis_Video_Preview_Path)],1,noresume)</onclick>
										<onclick>SetFocus(2)</onclick>
										<texturenofocus>-</texturenofocus>
										<texturefocus>-</texturefocus>
										<visible>!Skin.HasSetting(Synopsis_Autoplay)</visible>
								</control>
								<control type="button" id="1">
										<width>80</width>
										<height>80</height>
										<onfocus>PlayWith($INFO[Skin.String(Player_Type)])</onfocus>
										<onfocus>Playmedia($INFO[Skin.String(Synopsis_Video_Preview_Path)],1,noresume)</onfocus>
										<onfocus>SetFocus(2)</onfocus>
										<texturenofocus>-</texturenofocus>
										<texturefocus>-</texturefocus>
										<visible>Skin.HasSetting(Synopsis_Autoplay)</visible>
								</control>
								<control type="button" id="2">
										<onclick>Stop</onclick>
										<onclick>SetFocus(1)</onclick>
								</control>
						</control>
						<!-- context buttons -->
						<control type="grouplist">
								<description>Control Info</description>
								<posx>10</posx>
								<posy>32r</posy>
								<width>1280</width>
								<height>80</height>
								<itemgap>5</itemgap>
								<orientation>Horizontal</orientation>
								<!-- A button -->
								<control type="image">
										<posx>0</posx>
										<posy>0</posy>
										<width>25</width>
										<height>25</height>
										<texture>synopsis\pad_buttons\a_button.png</texture>
										<aspectratio>keep</aspectratio>
								</control>
								<control type="label">
										<posx>0</posx>
										<posy>0</posy>
										<width min="40" max="250">auto</width>
										<height>20</height>
										<font>font10</font>
										<textcolor>FFFFFFFF </textcolor>
										<label>Play Preview</label>
										<animation effect="slide" start="0,0" end="0,3" time="0" condition="true">conditional</animation>
										<visible>!Player.HasVideo</visible>
								</control>
								<control type="label">
										<posx>0</posx>
										<posy>0</posy>
										<width min="40" max="250">auto</width>
										<height>20</height>
										<font>font10</font>
										<textcolor>FFFFFFFF </textcolor>
										<label>Stop Playback</label>
										<animation effect="slide" start="0,0" end="0,3" time="0" condition="true">conditional</animation>
										<visible>Player.HasVideo + !Skin.HasSetting(Synopsis_AutoPlay)</visible>
								</control>
								<control type="label">
										<posx>0</posx>
										<posy>0</posy>
										<width min="40" max="250">auto</width>
										<height>20</height>
										<font>font10</font>
										<textcolor>FFFFFFFF </textcolor>
										<label>Restart Preview</label>
										<animation effect="slide" start="0,0" end="0,3" time="0" condition="true">conditional</animation>
										<visible>Player.HasVideo + Skin.HasSetting(Synopsis_AutoPlay)</visible>
								</control>
								<!-- B button -->
								<control type="image">
										<posx>0</posx>
										<posy>0</posy>
										<width>25</width>
										<height>25</height>
										<texture>synopsis\pad_buttons\b_button.png</texture>
										<aspectratio>keep</aspectratio>
								</control>
								<control type="label">
										<posx>0</posx>
										<posy>0</posy>
										<width min="40" max="250">auto</width>
										<height>20</height>
										<font>font10</font>
										<textcolor>FFFFFFFF </textcolor>
										<label>Back</label>
										<animation effect="slide" start="0,0" end="0,3" time="0" condition="true">conditional</animation>
								</control>
								<!-- Y Button -->
								<control type="image">
										<posx>0</posx>
										<posy>0</posy>
										<width>25</width>
										<height>25</height>
										<texture>synopsis\pad_buttons\y_button.png</texture>
										<aspectratio>keep</aspectratio>
										<visible>Skin.HasSetting(editmode)</visible>
								</control>
								<control type="label">
										<posx>0</posx>
										<posy>0</posy>
										<width min="40" max="250">auto</width>
										<height>20</height>
										<font>font10</font>
										<textcolor>FFFFFFFF </textcolor>
										<label>Screenshot</label>
										<animation effect="slide" start="0,0" end="0,3" time="0" condition="true">conditional</animation>
										<visible>Skin.HasSetting(editmode)</visible>
								</control>
								<!-- R Stick Button -->
								<control type="image">
										<posx>0</posx>
										<posy>0</posy>
										<width>25</width>
										<height>25</height>
										<texture>synopsis\pad_buttons\r_stick_button.png</texture>
										<aspectratio>keep</aspectratio>
										<visible>[System.HasLoginScreen + System.Loggedon]</visible>
								</control>
								<control type="label">
										<posx>0</posx>
										<posy>0</posy>
										<width min="40" max="250">auto</width>
										<height>20</height>
										<font>font10</font>
										<textcolor>FFFFFFFF </textcolor>
										<label>Log Out</label>
										<animation effect="slide" start="0,0" end="0,3" time="0" condition="true">conditional</animation>
										<visible>[System.HasLoginScreen + System.Loggedon]</visible>
								</control>
								<!-- L Stick Button -->
								<control type="image">
										<posx>0</posx>
										<posy>0</posy>
										<width>25</width>
										<height>25</height>
										<texture>synopsis\pad_buttons\l_stick_button.png</texture>
										<aspectratio>keep</aspectratio>
										<visible>Skin.HasSetting(editmode)</visible>
								</control>
								<control type="label">
										<posx>0</posx>
										<posy>0</posy>
										<width min="40" max="250">auto</width>
										<height>20</height>
										<font>font10</font>
										<textcolor>FFFFFFFF </textcolor>
										<label>Reload Skin</label>
										<animation effect="slide" start="0,0" end="0,3" time="0" condition="true">conditional</animation>
										<visible>Skin.HasSetting(editmode)</visible>
								</control>
						</control>
				</control>
				<!--            -->
				<!-- Video mode -->
				<!--            -->
				<control type="group">
						<visible>!Skin.HasSetting(SynopsisMode)</visible>
						<control type="image">
								<description>background image</description>
								<posx>0</posx>
								<posy>0</posy>
								<width>1280</width>
								<height>720</height>
								<texture>synopsis\synopsis_black-back.png</texture>
								<animation effect="fade" start="0" end="70" delay="0" time="500">WindowOpen</animation>
								<animation effect="fade" start="70" end="0" delay="100" time="100">WindowClose</animation>
						</control>
						<control type="image">
								<posx>100</posx>
								<posy>59</posy>
								<width>1080</width>
								<height>614</height>
								<aspectratio>stretch</aspectratio>
								<texture diffuse="synopsis\synopsis_diffuse.png">$INFO[listitem.path,,_resources\artwork\fanart.jpg]</texture>
								<animation effect="fade" start="0" end="100" delay="700" time="500">WindowOpen</animation>
								<animation effect="fade" start="100" end="0" delay="0" time="0">WindowClose</animation>
						</control>
						<control type="image">
								<description>background image</description>
								<posx>100</posx>
								<posy>59</posy>
								<width>1080</width>
								<height>614</height>
								<texture>synopsis\synopsis_background_alt.png</texture>
								<aspectratio>stretch</aspectratio>
								<animation effect="fade" start="0" end="98" delay="0" time="100">WindowOpen</animation>
								<animation effect="fade" start="98" end="0" delay="0" time="100">WindowClose</animation>
						</control>
						<control type="label">
								<posx>100</posx>
								<posy>68</posy>
								<width>1080</width>
								<height>608</height>
								<font>font25</font>
								<align>center</align>
								<aligny>center</aligny>
								<label>[B]$INFO[Skin.String(Synopsis_Video_Preview_Name)][/B]</label>
								<visible>!Player.HasVideo</visible>
								<animation effect="fade" start="0" end="20" delay="750" time="1000">WindowOpen</animation>
								<animation effect="fade" start="20" end="0" delay="0" time="100">WindowClose</animation>
						</control>
						<control type="videowindow">
								<description>video preview window</description>
								<posx>110</posx>
								<posy>74</posy>
								<width>1058</width>
								<height>586</height>
								<animation effect="fade" start="0" end="100" delay="500" time="1000">WindowOpen</animation>
								<animation effect="fade" start="100" end="0" delay="0" time="100">WindowClose</animation>
						</control>
						<control type="grouplist" id="9001">
								<posx>-500</posx>
								<posy>195</posy>
								<width>80</width>
								<height>400</height>
								<itemgap>0</itemgap>
								<pagecontrol>-</pagecontrol>
								<onleft>-</onleft>
								<onright>-</onright>
								<onup>-</onup>
								<ondown>-</ondown>
								<control type="button" id="1">
										<width>80</width>
										<height>80</height>
										<onfocus>PlayWith(dvdplayer)</onfocus>
										<onfocus>Playmedia($INFO[Window(MyPrograms).Property(Preview_default)],1,noresume)</onfocus>
										<texturenofocus>-</texturenofocus>
										<texturefocus>-</texturefocus>
										<visible>!Skin.HasSetting(PreviewExtension)</visible>
										<animation effect="fade" start="0" end="20" delay="3000" time="1000">Visible</animation>
								</control>
								<control type="button" id="1">
										<width>80</width>
										<height>80</height>
										<onfocus>PlayWith(mplayer)</onfocus>
										<onfocus>Playmedia($INFO[Window(MyPrograms).Property(Preview_alt)],1,noresume)</onfocus>
										<texturenofocus>-</texturenofocus>
										<texturefocus>-</texturefocus>
										<visible>Skin.HasSetting(PreviewExtension)</visible>
										<animation effect="fade" start="0" end="20" delay="3000" time="1000">Visible</animation>
								</control>
						</control>
						<!-- context buttons -->
						<control type="grouplist">
								<description>Control Info</description>
								<posx>10</posx>
								<posy>32r</posy>
								<width>1280</width>
								<height>80</height>
								<itemgap>5</itemgap>
								<orientation>Horizontal</orientation>
								<!-- B button -->
								<control type="image">
										<posx>0</posx>
										<posy>0</posy>
										<width>25</width>
										<height>25</height>
										<texture>synopsis\pad_buttons\b_button.png</texture>
										<aspectratio>keep</aspectratio>
								</control>
								<control type="label">
										<posx>0</posx>
										<posy>0</posy>
										<width min="40" max="250">auto</width>
										<height>20</height>
										<font>font10</font>
										<textcolor>FFFFFFFF </textcolor>
										<label>Back</label>
										<animation effect="slide" start="0,0" end="0,3" time="0" condition="true">conditional</animation>
								</control>
								<!-- Y Button -->
								<control type="image">
										<posx>0</posx>
										<posy>0</posy>
										<width>25</width>
										<height>25</height>
										<texture>synopsis\pad_buttons\y_button.png</texture>
										<aspectratio>keep</aspectratio>
										<visible>Skin.HasSetting(editmode)</visible>
								</control>
								<control type="label">
										<posx>0</posx>
										<posy>0</posy>
										<width min="40" max="250">auto</width>
										<height>20</height>
										<font>font10</font>
										<textcolor>FFFFFFFF </textcolor>
										<label>Screenshot</label>
										<animation effect="slide" start="0,0" end="0,3" time="0" condition="true">conditional</animation>
										<visible>Skin.HasSetting(editmode)</visible>
								</control>
								<!-- R Stick Button -->
								<control type="image">
										<posx>0</posx>
										<posy>0</posy>
										<width>25</width>
										<height>25</height>
										<texture>synopsis\pad_buttons\r_stick_button.png</texture>
										<aspectratio>keep</aspectratio>
										<visible>[System.HasLoginScreen + System.Loggedon]</visible>
								</control>
								<control type="label">
										<posx>0</posx>
										<posy>0</posy>
										<width min="40" max="250">auto</width>
										<height>20</height>
										<font>font10</font>
										<textcolor>FFFFFFFF </textcolor>
										<label>Log Out</label>
										<animation effect="slide" start="0,0" end="0,3" time="0" condition="true">conditional</animation>
										<visible>[System.HasLoginScreen + System.Loggedon]</visible>
								</control>
								<!-- L Stick Button -->
								<control type="image">
										<posx>0</posx>
										<posy>0</posy>
										<width>25</width>
										<height>25</height>
										<texture>synopsis\pad_buttons\l_stick_button.png</texture>
										<aspectratio>keep</aspectratio>
										<visible>Skin.HasSetting(editmode)</visible>
								</control>
								<control type="label">
										<posx>0</posx>
										<posy>0</posy>
										<width min="40" max="250">auto</width>
										<height>20</height>
										<font>font10</font>
										<textcolor>FFFFFFFF </textcolor>
										<label>Reload Skin</label>
										<animation effect="slide" start="0,0" end="0,3" time="0" condition="true">conditional</animation>
										<visible>Skin.HasSetting(editmode)</visible>
								</control>
						</control>
				</control>
		</controls>
</window>