<?xml version="1.0" encoding="Windows-1252" standalone="yes"?>
<addon id="Synopsis Script" name="Synopsis Script" version="1.0.0" provider-name="Rocky5">
		<requires>
				<import addon="xbmc.python" version="1.0" />
		</requires>
		<extension point="xbmc.python.script" library="default.py" />
		<extension point="xbmc.addon.metadata">
				<platform>all</platform>
				<summary lang="en">Synopsis Script</summary>
				<description lang="en">This is used to display images and information for games, emulators, applications or homebrew inside XBMC</description>
		</extension>
</addon>