<label_1>Title ID:</label_1>
<label_2>Synopsis</label_2>
<label_3>Game Rating</label_3>
<label_4>/ 5</label_4>
<label_5>Title:</label_5>
<label_6>Developer:</label_6>
<label_7>Publisher:</label_7>
<label_8>General Features:</label_8>
<label_9>Online Features:</label_9>
<label_10>ESRB:</label_10>
<label_11>ESRB Descriptor:</label_11>
<label_12>Genre:</label_12>
<label_13>Release Date:</label_13>
<label_14>Rating:</label_14>
<label_15>Platform:</label_15>
<label_16>Exclusive:</label_16>
<label_17>Title ID:</label_17>
<label_18>Overview:</label_18>
<label_19>No Poster Found</label_19>
<label_20>No Screenshots Found</label_20>
<label_21>[B]Example[/B][CR]Halo\Preview.</label_21>
<label_22>[CR]This option works separate from the [B]Synopsis mode[/B].[CR]Synopsis mode gets the video extension dynamical.</label_22>
<label_23>Synopsis Mode</label_23>
<label_24>Default layout</label_24>
<label_25>Alternative layout</label_25>
<label_26>Autoplay preview video</label_26>
<label_27></label_27>
<label_28></label_28>
<label_29></label_29>
<label_30></label_30>